Fraction,Train_RMSE,Test_RMSE
0.2,6.947132558596041,12.540337237931475
0.4,6.941168411431238,10.807683433118429
0.6,7.056056792602392,9.992073549937405
0.8,7.12365556944487,9.443784204768868
1.0,7.123537427499685,9.097923760154204
