Fraction,Train_RMSE,Test_RMSE
0.2,29.879882400042877,29.827141151400443
0.4,29.86338281605248,29.821208485586457
0.6,29.974019889902298,29.819475390165522
0.8,30.00727065806902,29.819534072456964
1.0,29.99838459280126,29.818769829476008
