Fraction,Train_RMSE,Test_RMSE
0.2,7.37546151821925,14.42590875937338
0.4,8.87245988351759,12.77590519141616
0.6,9.473865174872532,12.250536574689804
0.8,9.9593159617738,11.828538254078833
1.0,10.077265396756934,11.612789362075063
