Fraction,Train_RMSE,Test_RMSE
0.2,6.3414443355351455,15.933829980355895
0.4,7.3871539495945395,13.469451632550529
0.6,7.699759947974336,12.15402101868648
0.8,8.368918701452003,11.847453372850781
1.0,8.332215570771734,11.229561799824022
